First Name,Last Name,Email,Phone,Address,ID
John,Doe,johndoe@gmail.com,1 818 231 5760,209 Cecil Drive,1
Mitchell,Crainer,crainerM@gmail.com,818 560 4356,211 West Ferguson Road,2
Arthur,Hassel,arthurHass@gmail.com,747 660 8008,975 Hart Avenue,3
Morgan,Road,roadyMorgan@gmail.com,818 340 4886,3830 Cornucopia Way,4
Jill,Lane,laneJil@gmail.com,818 260 8800,467 Tomlin Station Road,5
Frank,Doe,customerreceiver@gmail.com,818 450 6700,5829 Northridge,6
Mike,Doe,customerreceiver@gmail.com,747 947 7990,5937 Tarzana Ave,7
Joe,Clairefield,customerreceiver@gmail.com,818 4747 5678,3248 Northridge,8
Peter,Morgan,customerreceiver@gmail.com,747 686 2345,2397 Privot Drive,9
Trey,Love,customerreceiver@gmail.com,818 364 2937,2348 Northridge,10
John,Doe,customerreceiver@gmail.com,818 347 1287,2347 Northridge,11
Mike,Lang,customerreceiver@gmail.com,818 628 2848,2347 Northridge,12
Bob,Constructer,customerreciever@gmail.com,80005363,123 Land Ave,13